epoch,time,train/box_loss,train/cls_loss,train/dfl_loss,metrics/precision(B),metrics/recall(B),metrics/mAP50(B),metrics/mAP50-95(B),val/box_loss,val/cls_loss,val/dfl_loss,lr/pg0,lr/pg1,lr/pg2
1,60.6452,1.38516,2.36499,1.71973,0,0,0,0,nan,nan,nan,0.000655556,0.000655556,0.000655556
2,150.553,1.67894,2.0983,1.86906,0.00592,0.01389,0.00293,0.00058,nan,nan,nan,0.00131786,0.00131786,0.00131786
3,251.111,1.69759,2.15278,1.87669,0.00207,0.02778,0.00131,0.00031,4.56465,inf,84.1289,0.00197576,0.00197576,0.00197576
4,330.493,1.62384,2.00881,1.81418,0.32739,0.27083,0.20202,0.10295,1.69282,10.2669,2.1516,0.0019802,0.0019802,0.0019802
5,444.813,1.54804,1.94129,1.72302,0.23361,0.13889,0.10283,0.05604,2.28734,2.83612,2.408,0.0019736,0.0019736,0.0019736
6,523.201,1.47529,1.77172,1.67576,0.5561,0.25694,0.25653,0.16438,1.43909,2.28438,1.68293,0.001967,0.001967,0.001967
7,635.219,1.48042,1.75587,1.66226,0.50092,0.24306,0.24761,0.13779,1.67028,1.96675,1.93292,0.0019604,0.0019604,0.0019604
8,710.019,1.42185,1.66495,1.62408,0.45076,0.27083,0.22462,0.1422,1.59198,2.32838,1.70625,0.0019538,0.0019538,0.0019538
9,791.301,1.45396,1.67684,1.61714,0.62911,0.29167,0.28407,0.17539,1.45353,1.46057,1.66281,0.0019472,0.0019472,0.0019472
10,905.614,1.40398,1.62212,1.59058,0.5683,0.24306,0.24672,0.15773,1.51523,1.72394,1.63165,0.0019406,0.0019406,0.0019406
11,988.54,1.37085,1.55265,1.54777,0.58974,0.24306,0.26022,0.15197,1.56564,2.10751,1.5911,0.001934,0.001934,0.001934
12,1067.58,1.3421,1.51368,1.53218,0.80991,0.19444,0.23064,0.13674,1.64419,1.77965,1.75757,0.0019274,0.0019274,0.0019274
13,1143.18,1.36056,1.47876,1.55934,0.6172,0.26874,0.26548,0.16441,1.51179,1.6741,1.64421,0.0019208,0.0019208,0.0019208
14,1220,1.36715,1.5235,1.54886,0.64514,0.31944,0.29222,0.18477,1.39439,1.38726,1.58361,0.0019142,0.0019142,0.0019142
15,1329.48,1.34347,1.46572,1.52981,0.59203,0.24306,0.24303,0.15579,1.59422,1.71263,1.6678,0.0019076,0.0019076,0.0019076
16,1411.54,1.29965,1.4402,1.48539,0.58811,0.28472,0.27133,0.18893,1.38463,1.50799,1.49982,0.001901,0.001901,0.001901
17,1508.63,1.30935,1.37526,1.50345,0.58062,0.29167,0.2801,0.17799,1.5198,1.59778,1.67836,0.0018944,0.0018944,0.0018944
18,1595,1.32254,1.39648,1.50601,0.82053,0.26389,0.29194,0.20252,1.34576,1.36426,1.47689,0.0018878,0.0018878,0.0018878
19,1706.59,1.25414,1.3219,1.45722,0.69875,0.31944,0.31083,0.20419,1.43351,1.29446,1.62064,0.0018812,0.0018812,0.0018812
20,1815.32,1.2966,1.35039,1.4828,0.72837,0.29796,0.2974,0.20035,1.42426,1.30596,1.65432,0.0018746,0.0018746,0.0018746
21,1900.92,1.27513,1.34868,1.46819,0.66437,0.30556,0.30475,0.20331,1.3715,1.28753,1.58782,0.001868,0.001868,0.001868
22,1981.28,1.27216,1.33972,1.46978,0.68176,0.29861,0.29836,0.20266,1.3529,1.32334,1.50166,0.0018614,0.0018614,0.0018614
23,2053.38,1.22392,1.31172,1.42635,0.64788,0.27778,0.28484,0.19543,1.4101,1.48131,1.56624,0.0018548,0.0018548,0.0018548
24,2129.9,1.23567,1.31641,1.43945,0.72127,0.28472,0.30229,0.20978,1.35728,1.39786,1.56859,0.0018482,0.0018482,0.0018482
25,2232.94,1.23015,1.30302,1.43183,0.67889,0.34028,0.32314,0.21861,1.35401,1.20917,1.53759,0.0018416,0.0018416,0.0018416
26,2341.71,1.22854,1.25275,1.42571,0.65366,0.31458,0.3073,0.19644,1.42521,1.28131,1.54144,0.001835,0.001835,0.001835
27,2422.11,1.24047,1.22297,1.42553,0.70329,0.32639,0.32756,0.23626,1.26037,1.18787,1.48085,0.0018284,0.0018284,0.0018284
28,2535.19,1.22927,1.26223,1.42481,0.74498,0.29167,0.31276,0.21714,1.26422,1.25101,1.43861,0.0018218,0.0018218,0.0018218
29,2615.74,1.21649,1.28004,1.42173,0.58084,0.29167,0.29568,0.19792,1.32527,1.38452,1.45424,0.0018152,0.0018152,0.0018152
30,2695,1.19388,1.2149,1.40879,0.72119,0.28472,0.31403,0.23144,1.20647,1.22298,1.39375,0.0018086,0.0018086,0.0018086
31,2778.52,1.17614,1.17675,1.38671,0.79584,0.30556,0.32714,0.24341,1.22542,1.17465,1.35711,0.001802,0.001802,0.001802
32,2894.29,1.18598,1.21369,1.40925,0.77676,0.31413,0.32843,0.22784,1.2129,1.06666,1.48118,0.0017954,0.0017954,0.0017954
33,2967.85,1.1685,1.17662,1.37276,0.66653,0.32639,0.32137,0.23433,1.17226,1.08525,1.3579,0.0017888,0.0017888,0.0017888
34,3036.69,1.20047,1.17185,1.39165,0.87718,0.29761,0.33177,0.23773,1.24941,1.1611,1.38644,0.0017822,0.0017822,0.0017822
35,3110.63,1.18247,1.15978,1.38426,0.62563,0.29861,0.30295,0.21705,1.30098,1.21945,1.4725,0.0017756,0.0017756,0.0017756
36,3185.16,1.15875,1.13991,1.36681,0.79759,0.30104,0.32704,0.23719,1.23255,1.12368,1.42639,0.001769,0.001769,0.001769
37,3256.48,1.15536,1.13081,1.36475,0.82144,0.32639,0.33807,0.24637,1.18669,0.98699,1.40781,0.0017624,0.0017624,0.0017624
38,3348.41,1.1815,1.15352,1.38344,0.76933,0.31944,0.322,0.22399,1.28709,1.14102,1.4025,0.0017558,0.0017558,0.0017558
39,3422.31,1.168,1.14448,1.3663,0.72744,0.31944,0.31524,0.22031,1.26296,1.11589,1.48226,0.0017492,0.0017492,0.0017492
40,3488.86,1.14121,1.1386,1.3609,0.76729,0.32639,0.33359,0.24655,1.16237,1.04528,1.37863,0.0017426,0.0017426,0.0017426
41,3579.36,1.13996,1.10778,1.36219,0.72859,0.31694,0.32507,0.22859,1.28775,1.1302,1.4043,0.001736,0.001736,0.001736
42,3650.52,1.16574,1.15507,1.37655,0.78118,0.3125,0.32596,0.2369,1.24175,1.03768,1.48283,0.0017294,0.0017294,0.0017294
43,3719.36,1.1252,1.10383,1.33996,0.71056,0.32394,0.31696,0.22843,1.25226,1.12575,1.38257,0.0017228,0.0017228,0.0017228
44,3784.38,1.15622,1.11266,1.36893,0.73149,0.30556,0.3227,0.23293,1.28667,1.12221,1.42365,0.0017162,0.0017162,0.0017162
45,3851.49,1.1206,1.09065,1.35579,0.68182,0.31944,0.31179,0.22097,1.2215,1.06432,1.4067,0.0017096,0.0017096,0.0017096
46,3924.37,1.12565,1.0844,1.3451,0.86867,0.29861,0.33445,0.24075,1.2367,1.06749,1.44119,0.001703,0.001703,0.001703
47,3993.69,1.09675,1.05273,1.31554,0.64551,0.33333,0.3164,0.22812,1.2599,1.10293,1.43165,0.0016964,0.0016964,0.0016964
48,4057.29,1.14504,1.07195,1.34675,0.7701,0.31944,0.31315,0.22272,1.29722,1.01351,1.52314,0.0016898,0.0016898,0.0016898
49,4130.1,1.09885,1.05943,1.31979,0.61847,0.33333,0.30827,0.22796,1.18066,1.14104,1.40991,0.0016832,0.0016832,0.0016832
50,4201.13,1.0832,1.04599,1.31337,0.76592,0.32639,0.34078,0.2534,1.17661,1.01017,1.36876,0.0016766,0.0016766,0.0016766
51,4294.35,1.09859,1.05767,1.33349,0.76456,0.32639,0.32783,0.23881,1.19913,1.00763,1.36882,0.00167,0.00167,0.00167
52,4360.14,1.07419,1.03235,1.3038,0.88701,0.3125,0.3384,0.2482,1.23448,1.00789,1.39579,0.0016634,0.0016634,0.0016634
53,4427.71,1.07804,1.04505,1.30789,0.80779,0.31944,0.33681,0.25895,1.11506,1.00578,1.30499,0.0016568,0.0016568,0.0016568
54,4521.86,1.10367,1.02805,1.31929,0.91619,0.31944,0.34791,0.26143,1.09009,1.00356,1.3022,0.0016502,0.0016502,0.0016502
55,4611.2,1.07688,1.01751,1.30466,0.81845,0.32639,0.33309,0.24287,1.18748,0.99851,1.41615,0.0016436,0.0016436,0.0016436
56,4675.04,1.05524,0.99602,1.28529,0.73169,0.33333,0.34055,0.24851,1.15931,1.03588,1.35757,0.001637,0.001637,0.001637
57,4743.71,1.05803,0.99292,1.30316,0.83289,0.31944,0.32687,0.24537,1.20216,0.95023,1.43042,0.0016304,0.0016304,0.0016304
58,4816.96,1.05897,0.97646,1.28632,0.81377,0.32639,0.33208,0.24172,1.16207,0.98328,1.39497,0.0016238,0.0016238,0.0016238
59,4882.01,1.05151,0.99131,1.28325,0.86206,0.31944,0.33805,0.25758,1.11544,0.96942,1.36054,0.0016172,0.0016172,0.0016172
60,4953.47,1.03285,0.98361,1.27747,0.81839,0.32639,0.32529,0.2403,1.2099,1.07176,1.39841,0.0016106,0.0016106,0.0016106
61,5025.74,1.07109,0.98751,1.29821,0.86871,0.3125,0.3233,0.23951,1.20004,1.0044,1.42694,0.001604,0.001604,0.001604
62,5103.18,1.06936,0.98381,1.29255,0.86006,0.3125,0.3357,0.24973,1.12648,0.98077,1.31729,0.0015974,0.0015974,0.0015974
63,5170.61,1.03111,0.95212,1.25509,0.74213,0.32639,0.33032,0.25281,1.12809,0.99617,1.31206,0.0015908,0.0015908,0.0015908
64,5236.69,1.04347,0.97974,1.2735,0.79223,0.31944,0.32358,0.24805,1.11185,1.01246,1.31,0.0015842,0.0015842,0.0015842
65,5310.36,1.03239,0.96779,1.26934,0.80495,0.33333,0.35163,0.25533,1.12266,0.93585,1.40158,0.0015776,0.0015776,0.0015776
66,5384.39,1.05786,0.97508,1.30312,0.71587,0.31944,0.32899,0.2517,1.11826,1.01975,1.35953,0.001571,0.001571,0.001571
67,5454.32,1.02755,0.97151,1.26687,0.81973,0.31944,0.33193,0.2479,1.13867,1.07883,1.38477,0.0015644,0.0015644,0.0015644
68,5511.45,1.03764,0.94645,1.27827,0.75617,0.3446,0.34336,0.25251,1.17074,0.98073,1.37733,0.0015578,0.0015578,0.0015578
69,5583.7,1.05606,0.95116,1.29221,0.86378,0.31944,0.34474,0.25152,1.16166,1.0068,1.36566,0.0015512,0.0015512,0.0015512
70,5655.28,1.03599,0.94496,1.26939,0.85157,0.3125,0.33089,0.24678,1.15571,1.06152,1.33539,0.0015446,0.0015446,0.0015446
71,5732.08,1.04333,0.99476,1.27701,0.76626,0.3125,0.33038,0.24453,1.09599,1.04055,1.29704,0.001538,0.001538,0.001538
72,5799.88,1.03333,0.94884,1.27036,0.9136,0.31944,0.3484,0.25982,1.11132,0.89691,1.36638,0.0015314,0.0015314,0.0015314
73,5877.51,1.04796,0.92632,1.27399,0.82477,0.32687,0.35112,0.25831,1.15668,0.90293,1.39335,0.0015248,0.0015248,0.0015248
74,5944.78,1.0363,0.93112,1.27934,0.79181,0.34338,0.34883,0.24955,1.17627,0.99032,1.3569,0.0015182,0.0015182,0.0015182
75,6017.16,0.99328,0.89174,1.23557,0.76706,0.3125,0.33072,0.2531,1.13871,0.98326,1.36277,0.0015116,0.0015116,0.0015116
76,6088.76,1.0389,0.93175,1.27553,0.83422,0.32639,0.34071,0.2552,1.16997,0.89996,1.41997,0.001505,0.001505,0.001505
77,6158.22,1.04224,0.95038,1.2677,0.85246,0.34028,0.34691,0.2732,1.08732,0.8997,1.28023,0.0014984,0.0014984,0.0014984
78,6258.23,1.03195,0.93013,1.26288,0.85554,0.32639,0.34758,0.2652,1.11274,0.90662,1.36167,0.0014918,0.0014918,0.0014918
79,6331.95,1.02741,0.93379,1.26876,0.91802,0.31109,0.33957,0.2451,1.20812,0.93323,1.44952,0.0014852,0.0014852,0.0014852
80,6394.39,0.98554,0.88216,1.22946,0.83676,0.33333,0.34339,0.27356,1.08299,0.85114,1.31345,0.0014786,0.0014786,0.0014786
81,6492.76,1.01743,0.90065,1.24836,0.85344,0.32639,0.34855,0.25676,1.1487,0.90006,1.39302,0.001472,0.001472,0.001472
82,6566.21,1.01114,0.91456,1.2407,0.84959,0.33333,0.34736,0.26263,1.10586,0.85806,1.33536,0.0014654,0.0014654,0.0014654
83,6634.28,1.02363,0.91965,1.2468,0.81244,0.31944,0.33886,0.25795,1.14322,0.87187,1.39533,0.0014588,0.0014588,0.0014588
84,6707.25,0.99796,0.87878,1.24591,0.88696,0.31944,0.33745,0.25952,1.12515,0.90569,1.38267,0.0014522,0.0014522,0.0014522
85,6777.17,0.98859,0.86611,1.24001,0.92941,0.31944,0.33857,0.25295,1.17566,0.90012,1.42003,0.0014456,0.0014456,0.0014456
86,6851.11,0.99281,0.8885,1.24405,0.81842,0.33333,0.34911,0.24807,1.17622,0.93877,1.41442,0.001439,0.001439,0.001439
87,6924.32,0.96487,0.86623,1.22274,0.87275,0.33333,0.36074,0.26808,1.10508,0.90659,1.34777,0.0014324,0.0014324,0.0014324
88,6995.21,0.98379,0.86524,1.22774,0.89737,0.31944,0.34198,0.26577,1.06417,0.92925,1.26525,0.0014258,0.0014258,0.0014258
89,7072.04,0.97111,0.87058,1.23002,0.79907,0.31944,0.34482,0.25501,1.12606,0.96368,1.36994,0.0014192,0.0014192,0.0014192
90,7143.15,0.96898,0.8244,1.22381,0.97916,0.32634,0.34706,0.2556,1.19652,0.82822,1.39091,0.0014126,0.0014126,0.0014126
91,7213.96,0.95285,0.85854,1.21344,0.91739,0.32639,0.34729,0.27334,1.12882,0.79884,1.3758,0.001406,0.001406,0.001406
92,7279.98,0.93999,0.80569,1.20632,0.85925,0.34028,0.34623,0.26854,1.09409,0.85308,1.34522,0.0013994,0.0013994,0.0013994
93,7349.81,0.96628,0.85855,1.23231,0.8974,0.32639,0.34735,0.25889,1.11581,0.92902,1.33228,0.0013928,0.0013928,0.0013928
94,7420.92,0.98348,0.85552,1.22972,0.83037,0.32639,0.34076,0.26504,1.14224,0.83458,1.4121,0.0013862,0.0013862,0.0013862
95,7492.02,0.96011,0.84718,1.23338,0.82506,0.33333,0.34756,0.2624,1.1268,0.84936,1.39444,0.0013796,0.0013796,0.0013796
96,7563.99,0.95622,0.84342,1.21129,0.86923,0.32315,0.34446,0.27004,1.09081,0.83182,1.35876,0.001373,0.001373,0.001373
97,7636.71,0.95951,0.84003,1.21982,0.84703,0.33333,0.34311,0.25963,1.09733,0.87868,1.34964,0.0013664,0.0013664,0.0013664
98,7713.75,0.95214,0.83516,1.22338,0.89929,0.31944,0.34086,0.25838,1.07212,0.86505,1.29655,0.0013598,0.0013598,0.0013598
99,7784.15,0.9859,0.86341,1.2205,0.92142,0.34028,0.35422,0.25886,1.10029,0.91761,1.31119,0.0013532,0.0013532,0.0013532
100,7860.8,0.98419,0.85226,1.2315,0.80643,0.32639,0.33145,0.25201,1.0433,0.95186,1.24054,0.0013466,0.0013466,0.0013466
101,7925.68,0.95903,0.82828,1.22222,0.94265,0.31944,0.36178,0.27475,1.06406,0.8649,1.28875,0.00134,0.00134,0.00134
102,8028.99,0.94304,0.83821,1.18692,0.93997,0.31944,0.34931,0.2743,1.06984,0.86893,1.26925,0.0013334,0.0013334,0.0013334
103,8102.76,0.95663,0.80598,1.1994,0.93589,0.31944,0.34421,0.26362,1.09435,0.79793,1.34888,0.0013268,0.0013268,0.0013268
104,8172.2,0.94818,0.83356,1.20846,0.93422,0.32639,0.34921,0.27826,1.0832,0.84758,1.30402,0.0013202,0.0013202,0.0013202
105,8276.05,0.95584,0.81277,1.21606,0.84298,0.33557,0.34765,0.2704,1.08061,0.80024,1.33074,0.0013136,0.0013136,0.0013136
106,8349.98,0.93559,0.80724,1.19887,0.78218,0.32639,0.33983,0.2449,1.21092,0.91386,1.44282,0.001307,0.001307,0.001307
107,8425.96,0.93815,0.79546,1.19672,0.84047,0.33333,0.35222,0.27724,1.07138,0.81374,1.34092,0.0013004,0.0013004,0.0013004
108,8497.49,0.91315,0.78436,1.16621,0.83136,0.33333,0.34228,0.25553,1.17452,0.89035,1.36691,0.0012938,0.0012938,0.0012938
109,8569.01,0.92971,0.7978,1.19003,0.85083,0.32639,0.35069,0.28263,0.98993,0.87953,1.22769,0.0012872,0.0012872,0.0012872
110,8665.01,0.94573,0.80611,1.21866,0.91987,0.31889,0.34205,0.25375,1.15569,0.83383,1.39421,0.0012806,0.0012806,0.0012806
111,8734.37,0.95203,0.82316,1.20655,0.85591,0.34028,0.35462,0.27982,1.04315,0.89897,1.24145,0.001274,0.001274,0.001274
112,8802.92,0.93751,0.78533,1.19956,0.89431,0.32639,0.34417,0.26166,1.11875,0.84938,1.33977,0.0012674,0.0012674,0.0012674
113,8877.21,0.92016,0.75682,1.17579,0.86102,0.32639,0.34361,0.26298,1.12128,0.80133,1.35156,0.0012608,0.0012608,0.0012608
114,8950.23,0.91645,0.78508,1.17362,0.76544,0.33333,0.3403,0.25438,1.20777,0.94897,1.43566,0.0012542,0.0012542,0.0012542
115,9025.67,0.9089,0.756,1.16864,0.80308,0.34028,0.35458,0.26621,1.10763,0.8586,1.30413,0.0012476,0.0012476,0.0012476
116,9094.88,0.90355,0.77975,1.17044,0.90056,0.34722,0.36332,0.26852,1.12396,0.84352,1.37323,0.001241,0.001241,0.001241
117,9163.73,0.88723,0.75493,1.16316,0.88983,0.34028,0.35686,0.27039,1.10767,0.88347,1.34871,0.0012344,0.0012344,0.0012344
118,9241.54,0.90222,0.75924,1.18149,0.90566,0.33332,0.35465,0.26832,1.08846,0.8248,1.31168,0.0012278,0.0012278,0.0012278
119,9310.83,0.91463,0.78366,1.17379,0.89087,0.34014,0.35069,0.26931,1.12158,0.84052,1.31951,0.0012212,0.0012212,0.0012212
120,9383.24,0.91998,0.76879,1.18817,0.86375,0.31944,0.33525,0.24801,1.14897,0.88747,1.35158,0.0012146,0.0012146,0.0012146
121,9444.99,0.92214,0.77122,1.18569,0.86746,0.34028,0.34578,0.26446,1.0852,0.88426,1.27639,0.001208,0.001208,0.001208
122,9515.17,0.90739,0.74556,1.18652,0.84251,0.33333,0.3479,0.26579,1.10991,0.81067,1.33529,0.0012014,0.0012014,0.0012014
123,9586.22,0.90612,0.76107,1.17331,0.9199,0.31903,0.33815,0.26121,1.16597,0.83797,1.351,0.0011948,0.0011948,0.0011948
124,9663.02,0.8914,0.75774,1.16361,0.89921,0.34028,0.34289,0.27832,1.07476,0.82314,1.3207,0.0011882,0.0011882,0.0011882
125,9732.97,0.88818,0.72931,1.16724,0.87642,0.33333,0.35418,0.26968,1.10024,0.81858,1.29333,0.0011816,0.0011816,0.0011816
126,9806.07,0.89857,0.75433,1.17404,0.77971,0.35417,0.35618,0.26847,1.07939,0.84036,1.23315,0.001175,0.001175,0.001175
127,9874.62,0.90124,0.76826,1.16938,0.89054,0.33902,0.36444,0.27425,1.01794,0.82539,1.23587,0.0011684,0.0011684,0.0011684
128,9936.52,0.89541,0.75138,1.15952,0.91474,0.33333,0.36285,0.27783,1.08747,0.84998,1.29192,0.0011618,0.0011618,0.0011618
129,10001.5,0.87376,0.73101,1.16455,0.80862,0.34028,0.343,0.27725,1.0314,0.81681,1.22357,0.0011552,0.0011552,0.0011552
130,10079.7,0.88687,0.72811,1.15439,0.79071,0.34722,0.35252,0.277,1.03801,0.82076,1.24878,0.0011486,0.0011486,0.0011486
131,10147.6,0.89173,0.77208,1.16559,0.86215,0.33333,0.35012,0.26927,1.12868,0.89616,1.31751,0.001142,0.001142,0.001142
132,10224.6,0.85882,0.72345,1.136,0.79661,0.34028,0.34575,0.27577,1.05107,0.89422,1.25355,0.0011354,0.0011354,0.0011354
133,10292.9,0.85733,0.73438,1.14061,0.90631,0.33593,0.36475,0.27406,1.06915,0.83778,1.24512,0.0011288,0.0011288,0.0011288
134,10365.1,0.88267,0.76442,1.1562,0.9504,0.33333,0.35596,0.27712,1.07755,0.85269,1.27513,0.0011222,0.0011222,0.0011222
135,10441,0.85221,0.6992,1.14684,0.93831,0.33333,0.34837,0.27339,1.07932,0.77286,1.28029,0.0011156,0.0011156,0.0011156
136,10511.8,0.91606,0.74936,1.17728,0.89582,0.33333,0.35309,0.27461,1.10363,0.82854,1.29895,0.001109,0.001109,0.001109
137,10588.8,0.86086,0.70294,1.13453,0.82842,0.34028,0.35611,0.27001,1.1409,0.76501,1.34158,0.0011024,0.0011024,0.0011024
138,10660.2,0.84546,0.70259,1.13583,0.90713,0.33916,0.34339,0.26086,1.08094,0.87065,1.30737,0.0010958,0.0010958,0.0010958
139,10736.9,0.85526,0.69834,1.13106,0.94204,0.33862,0.35342,0.26796,1.13571,0.82176,1.33728,0.0010892,0.0010892,0.0010892
140,10813.5,0.87093,0.73209,1.14484,0.84315,0.33601,0.34855,0.27126,1.08414,0.84935,1.29924,0.0010826,0.0010826,0.0010826
141,10890.8,0.84169,0.69441,1.13615,0.92265,0.33333,0.35656,0.27294,1.09712,0.79102,1.38926,0.001076,0.001076,0.001076
142,10956.8,0.83665,0.69235,1.12823,0.85303,0.33333,0.33207,0.26027,1.12328,0.80571,1.37326,0.0010694,0.0010694,0.0010694
143,11017.1,0.83671,0.69895,1.12247,0.90364,0.33333,0.34605,0.27018,1.07582,0.84169,1.33026,0.0010628,0.0010628,0.0010628
144,11095.7,0.86228,0.71412,1.13569,0.80739,0.34028,0.35625,0.2647,1.14606,0.85664,1.36083,0.0010562,0.0010562,0.0010562
145,11165.9,0.8654,0.69479,1.13869,0.85664,0.33333,0.35073,0.25855,1.16081,0.82793,1.40524,0.0010496,0.0010496,0.0010496
146,11239.6,0.84758,0.70262,1.12899,0.86482,0.33333,0.34715,0.27147,1.12545,0.79588,1.3539,0.001043,0.001043,0.001043
147,11314.2,0.82807,0.66914,1.12304,0.86753,0.34722,0.37089,0.28008,1.10109,0.8388,1.31226,0.0010364,0.0010364,0.0010364
148,11377.7,0.85565,0.67763,1.13904,0.9073,0.33986,0.35642,0.27174,1.12001,0.85642,1.32523,0.0010298,0.0010298,0.0010298
149,11456,0.84866,0.68455,1.12364,0.88364,0.34028,0.34673,0.27129,1.08833,0.77437,1.31604,0.0010232,0.0010232,0.0010232
150,11525.3,0.84561,0.68144,1.14192,0.90115,0.34028,0.36028,0.2759,1.12863,0.79779,1.32268,0.0010166,0.0010166,0.0010166
151,11598.4,0.82596,0.67573,1.11127,0.84945,0.34722,0.36164,0.27962,1.10152,0.76435,1.27478,0.00101,0.00101,0.00101
152,11674.9,0.84151,0.67988,1.12665,0.91993,0.33333,0.34468,0.2692,1.12345,0.78119,1.33532,0.0010034,0.0010034,0.0010034
153,11741.8,0.83487,0.67118,1.13368,0.8298,0.34028,0.34508,0.2681,1.15416,0.82737,1.36822,0.0009968,0.0009968,0.0009968
154,11815.9,0.84251,0.69754,1.13892,0.85614,0.34028,0.34691,0.26918,1.05942,0.81489,1.3096,0.0009902,0.0009902,0.0009902
155,11893.9,0.83155,0.68297,1.12388,0.8572,0.35417,0.36387,0.27123,1.14925,0.79389,1.40472,0.0009836,0.0009836,0.0009836
156,11968.4,0.80808,0.65452,1.11319,0.87226,0.33333,0.356,0.27002,1.11286,0.87647,1.32525,0.000977,0.000977,0.000977
157,12041.5,0.84355,0.68816,1.13592,0.93732,0.32639,0.34378,0.25358,1.1574,0.93226,1.35819,0.0009704,0.0009704,0.0009704
158,12115.1,0.80894,0.65508,1.10177,0.75845,0.32709,0.34947,0.2575,1.19265,0.90688,1.42965,0.0009638,0.0009638,0.0009638
159,12188.5,0.85147,0.69374,1.13683,0.84735,0.35417,0.36602,0.28393,1.07546,0.75635,1.29618,0.0009572,0.0009572,0.0009572
160,12274.8,0.82528,0.67712,1.1182,0.90545,0.34028,0.36244,0.27649,1.14649,0.80518,1.3562,0.0009506,0.0009506,0.0009506
161,12343.2,0.811,0.66057,1.10207,0.87701,0.34664,0.36927,0.27821,1.09931,0.7395,1.30047,0.000944,0.000944,0.000944
162,12420.6,0.8178,0.65659,1.1177,0.95887,0.34722,0.3547,0.27075,1.13538,0.7785,1.31523,0.0009374,0.0009374,0.0009374
163,12495.7,0.80084,0.66147,1.10718,0.90525,0.34722,0.36804,0.28231,1.08487,0.79615,1.2738,0.0009308,0.0009308,0.0009308
164,12567.5,0.82211,0.66364,1.11353,0.92361,0.34028,0.35804,0.2699,1.1656,0.7312,1.4276,0.0009242,0.0009242,0.0009242
165,12644.1,0.84479,0.65125,1.13263,0.93803,0.33333,0.36194,0.27189,1.13277,0.78334,1.32075,0.0009176,0.0009176,0.0009176
166,12721.4,0.8112,0.65125,1.09802,0.84672,0.33333,0.34417,0.26405,1.17308,0.83724,1.35681,0.000911,0.000911,0.000911
167,12795.1,0.81415,0.65861,1.09396,0.94223,0.33982,0.35634,0.27828,1.09474,0.77134,1.29213,0.0009044,0.0009044,0.0009044
168,12868.3,0.8084,0.64271,1.10078,0.89871,0.34722,0.35674,0.27755,1.12038,0.76749,1.2593,0.0008978,0.0008978,0.0008978
169,12945.2,0.80633,0.64782,1.10227,0.79009,0.34028,0.33707,0.2688,1.07339,0.824,1.28284,0.0008912,0.0008912,0.0008912
170,13022.9,0.80696,0.64834,1.114,0.92235,0.34722,0.36867,0.27432,1.12561,0.74699,1.32269,0.0008846,0.0008846,0.0008846
171,13096.2,0.79146,0.63883,1.10358,0.91693,0.33333,0.35284,0.28235,1.08297,0.72047,1.28221,0.000878,0.000878,0.000878
172,13170.1,0.79768,0.63726,1.10866,0.92349,0.35417,0.36314,0.27426,1.17701,0.78109,1.36939,0.0008714,0.0008714,0.0008714
173,13237.8,0.77777,0.60566,1.08233,0.92439,0.36111,0.36819,0.27888,1.13075,0.72471,1.31729,0.0008648,0.0008648,0.0008648
174,13311.8,0.78356,0.61303,1.08168,0.90612,0.34028,0.34122,0.27255,1.06114,0.76887,1.28893,0.0008582,0.0008582,0.0008582
175,13379.4,0.78319,0.63348,1.09198,0.83504,0.35157,0.36165,0.2805,1.05313,0.75801,1.29199,0.0008516,0.0008516,0.0008516
176,13455.4,0.78463,0.63486,1.08921,0.8069,0.34028,0.34487,0.27796,1.02373,0.80437,1.23373,0.000845,0.000845,0.000845
177,13528.7,0.76838,0.62325,1.08304,0.89868,0.32639,0.34428,0.26939,1.08532,0.81141,1.31214,0.0008384,0.0008384,0.0008384
178,13605.6,0.77342,0.62469,1.08226,0.88733,0.33333,0.33296,0.265,1.05987,0.79473,1.29498,0.0008318,0.0008318,0.0008318
179,13684.7,0.79377,0.62716,1.09239,0.93821,0.33333,0.35196,0.27523,1.07746,0.7411,1.29692,0.0008252,0.0008252,0.0008252
180,13755.3,0.79261,0.6279,1.09939,0.92049,0.33333,0.33535,0.26776,1.04057,0.74077,1.28655,0.0008186,0.0008186,0.0008186
181,13827,0.78797,0.63578,1.10032,0.87482,0.34722,0.35871,0.28839,1.02643,0.71776,1.26482,0.000812,0.000812,0.000812
182,13928,0.75329,0.60529,1.08013,0.88047,0.34722,0.35044,0.27309,1.09743,0.70661,1.35554,0.0008054,0.0008054,0.0008054
183,14003,0.76394,0.6142,1.08245,0.85689,0.34722,0.36523,0.28504,0.99255,0.76681,1.24393,0.0007988,0.0007988,0.0007988
184,14076.3,0.73069,0.59072,1.05232,0.87465,0.34722,0.3628,0.29302,0.97735,0.72596,1.20469,0.0007922,0.0007922,0.0007922
185,66.8879,0.98099,0.96939,1.23976,0.50838,0.04167,0.04248,0.02825,nan,nan,nan,0.0007856,0.0007856,0.0007856
186,119.38,0.87458,0.76248,1.15855,0.75196,0.31944,0.30797,0.23121,1.23226,1.13532,1.38631,0.000779,0.000779,0.000779
187,175.091,0.87078,0.7709,1.14068,0.73468,0.3125,0.32307,0.24852,1.14778,1.02225,1.33138,0.0007724,0.0007724,0.0007724
188,227.994,0.83496,0.71276,1.12884,0.8499,0.33333,0.33786,0.26469,1.07249,0.83172,1.31358,0.0007658,0.0007658,0.0007658
189,281.522,0.8348,0.74066,1.13045,0.8564,0.31944,0.3525,0.26919,1.09432,0.85177,1.32424,0.0007592,0.0007592,0.0007592
190,336.23,0.79987,0.66756,1.11999,0.77855,0.32639,0.3354,0.26614,1.08078,0.91762,1.31481,0.0007526,0.0007526,0.0007526
191,389.487,0.81242,0.68285,1.1053,0.76554,0.3125,0.31957,0.25263,1.13448,0.95434,1.40586,0.000746,0.000746,0.000746
192,442.677,0.79768,0.66752,1.10407,0.90171,0.31854,0.34287,0.25608,1.13118,0.88192,1.37833,0.0007394,0.0007394,0.0007394
193,495.839,0.81449,0.68079,1.11907,0.83319,0.33333,0.33871,0.26479,1.0574,0.94853,1.26878,0.0007328,0.0007328,0.0007328
194,549.499,0.79074,0.67337,1.11349,0.83536,0.32639,0.34306,0.26486,1.13054,0.83723,1.33444,0.0007262,0.0007262,0.0007262
195,602.762,0.7668,0.65399,1.07891,0.83681,0.33333,0.33331,0.25259,1.12312,0.96525,1.33021,0.0007196,0.0007196,0.0007196
196,655.958,0.76157,0.6332,1.07934,0.84174,0.33243,0.3444,0.26694,1.10493,0.8629,1.30945,0.000713,0.000713,0.000713
197,712.359,0.78683,0.63975,1.09315,0.8505,0.32639,0.32724,0.25222,1.15883,0.86652,1.42122,0.0007064,0.0007064,0.0007064
198,765.656,0.7898,0.66602,1.09717,0.83033,0.33984,0.34767,0.28053,1.00492,0.81507,1.213,0.0006998,0.0006998,0.0006998
199,819.181,0.77269,0.62748,1.08322,0.91795,0.32639,0.35539,0.27974,1.09167,0.78459,1.29896,0.0006932,0.0006932,0.0006932
200,872.097,0.74074,0.61755,1.07156,0.84361,0.34028,0.34297,0.26131,1.10007,0.78498,1.3587,0.0006866,0.0006866,0.0006866
201,925.462,0.76237,0.61482,1.08486,0.87476,0.33954,0.34588,0.25698,1.11704,0.82573,1.3286,0.00068,0.00068,0.00068
202,978.295,0.77183,0.62697,1.07941,0.85016,0.33333,0.34774,0.26622,1.11465,0.77331,1.32622,0.0006734,0.0006734,0.0006734
203,1032.04,0.75367,0.59091,1.07313,0.85637,0.33126,0.35261,0.27738,1.01838,0.82873,1.22577,0.0006668,0.0006668,0.0006668
204,1085.18,0.75168,0.61237,1.07008,0.84505,0.34722,0.35509,0.28242,1.04334,0.73155,1.26378,0.0006602,0.0006602,0.0006602
205,1139.14,0.73785,0.59264,1.05354,0.83985,0.33333,0.34784,0.26705,1.04621,0.82745,1.26785,0.0006536,0.0006536,0.0006536
206,1192.34,0.74767,0.59263,1.07603,0.82702,0.33203,0.34291,0.27162,1.09695,0.77412,1.37372,0.000647,0.000647,0.000647
207,1245.65,0.72319,0.58641,1.04915,0.88295,0.32639,0.33437,0.26756,1.05654,0.83816,1.31111,0.0006404,0.0006404,0.0006404
208,1299.25,0.73574,0.60501,1.07134,0.87864,0.32639,0.33833,0.26327,1.09091,0.8754,1.32071,0.0006338,0.0006338,0.0006338
209,1351.97,0.73006,0.59105,1.06079,0.84693,0.34584,0.34542,0.27045,1.12992,0.8057,1.36598,0.0006272,0.0006272,0.0006272
210,1405.5,0.74239,0.59265,1.06873,0.84868,0.35417,0.36671,0.28372,1.06067,0.77535,1.27967,0.0006206,0.0006206,0.0006206
211,1458.22,0.75637,0.59229,1.06576,0.8561,0.33333,0.35151,0.26971,1.06303,0.86239,1.28073,0.000614,0.000614,0.000614
212,1511.26,0.75021,0.59628,1.07381,0.87668,0.34558,0.35636,0.27912,1.06192,0.77332,1.2712,0.0006074,0.0006074,0.0006074
213,1564.79,0.74212,0.61154,1.06944,0.86864,0.33333,0.34294,0.27098,1.04843,0.74609,1.25418,0.0006008,0.0006008,0.0006008
214,1617.79,0.74926,0.58414,1.07312,0.88608,0.34722,0.36663,0.27811,1.05811,0.82915,1.25757,0.0005942,0.0005942,0.0005942
215,1671.14,0.7318,0.57627,1.05961,0.88067,0.31944,0.34665,0.2798,1.06011,0.81869,1.25069,0.0005876,0.0005876,0.0005876
216,1723.73,0.74539,0.60853,1.07922,0.82793,0.32639,0.34537,0.27587,1.0602,0.79697,1.25648,0.000581,0.000581,0.000581
217,1776.57,0.72452,0.578,1.04131,0.90548,0.33266,0.36002,0.2703,1.07492,0.82753,1.25409,0.0005744,0.0005744,0.0005744
218,1832.17,0.74561,0.6013,1.06844,0.82552,0.34028,0.34833,0.28165,1.0288,0.73471,1.24348,0.0005678,0.0005678,0.0005678
219,1885.45,0.7231,0.5726,1.05425,0.90846,0.34461,0.35073,0.2689,1.07968,0.72457,1.31611,0.0005612,0.0005612,0.0005612
220,1938.23,0.7221,0.57454,1.05249,0.8039,0.34163,0.35005,0.27315,1.05904,0.74428,1.30009,0.0005546,0.0005546,0.0005546
221,1993.84,0.70661,0.55654,1.03968,0.86122,0.34477,0.34981,0.26688,1.13217,0.79132,1.3598,0.000548,0.000548,0.000548
222,2046.42,0.7255,0.58238,1.05813,0.85538,0.34028,0.35522,0.26839,1.12785,0.81645,1.34502,0.0005414,0.0005414,0.0005414
223,2099.3,0.72088,0.57491,1.04713,0.81602,0.33883,0.34284,0.27343,1.05021,0.76606,1.30453,0.0005348,0.0005348,0.0005348
224,2153.01,0.70651,0.55872,1.03857,0.84489,0.32639,0.34743,0.27084,1.14107,0.76913,1.41092,0.0005282,0.0005282,0.0005282
225,2206.38,0.71306,0.55262,1.05451,0.83644,0.34028,0.34209,0.2734,1.07877,0.71923,1.34198,0.0005216,0.0005216,0.0005216
226,2259.64,0.70136,0.55481,1.04337,0.88181,0.34028,0.34899,0.27006,1.11918,0.80627,1.32895,0.000515,0.000515,0.000515
227,2312.33,0.71293,0.57099,1.04775,0.90839,0.31944,0.34607,0.26314,1.08846,0.79446,1.32737,0.0005084,0.0005084,0.0005084
228,2364.81,0.71807,0.55931,1.05312,0.82238,0.33333,0.34544,0.27298,1.05167,0.76723,1.28447,0.0005018,0.0005018,0.0005018
229,2418.62,0.69151,0.53404,1.04806,0.87656,0.34521,0.35433,0.26967,1.08359,0.73993,1.36275,0.0004952,0.0004952,0.0004952
230,2471.06,0.69563,0.54424,1.0374,0.93632,0.33333,0.35466,0.26933,1.1289,0.76987,1.36943,0.0004886,0.0004886,0.0004886
231,2524.31,0.69619,0.55198,1.03365,0.9181,0.34722,0.36365,0.27132,1.08707,0.78991,1.30032,0.000482,0.000482,0.000482
232,2577.97,0.71533,0.57562,1.04415,0.93771,0.32639,0.35056,0.27573,1.13211,0.75623,1.39161,0.0004754,0.0004754,0.0004754
233,2632.91,0.66965,0.52468,1.02414,0.88751,0.34722,0.35242,0.26174,1.16429,0.77362,1.4259,0.0004688,0.0004688,0.0004688
234,2685.8,0.67763,0.531,1.03293,0.91527,0.34722,0.36278,0.27305,1.08795,0.73392,1.37056,0.0004622,0.0004622,0.0004622
235,2738.97,0.69033,0.54478,1.04245,0.92436,0.33949,0.35841,0.27175,1.08924,0.78972,1.33615,0.0004556,0.0004556,0.0004556
236,2792.15,0.67486,0.52903,1.01644,0.88372,0.33333,0.34393,0.27474,1.11813,0.80649,1.34469,0.000449,0.000449,0.000449
237,2845.95,0.66525,0.52097,1.01404,0.95807,0.34028,0.36213,0.26137,1.11848,0.77138,1.35806,0.0004424,0.0004424,0.0004424
238,2898.68,0.6673,0.52455,1.01944,0.93867,0.34722,0.36156,0.26597,1.13761,0.76638,1.39223,0.0004358,0.0004358,0.0004358
239,2952.15,0.65943,0.50971,1.01684,0.96067,0.33929,0.36642,0.26944,1.13163,0.7456,1.40302,0.0004292,0.0004292,0.0004292
240,3006.12,0.67476,0.5201,1.01707,0.93911,0.33333,0.35195,0.26664,1.08258,0.74025,1.35127,0.0004226,0.0004226,0.0004226
241,3059.28,0.66608,0.51759,1.03207,0.90182,0.34028,0.35941,0.27209,1.05958,0.75142,1.30492,0.000416,0.000416,0.000416
242,3115.02,0.66243,0.51673,1.02167,0.85854,0.33721,0.35371,0.27746,1.05102,0.74652,1.2837,0.0004094,0.0004094,0.0004094
243,3168.4,0.67396,0.52458,1.02681,0.93798,0.33333,0.34989,0.27379,1.04321,0.76855,1.29424,0.0004028,0.0004028,0.0004028
244,3221.68,0.65151,0.51094,1.01534,0.90749,0.34028,0.37093,0.29082,1.01714,0.78162,1.22839,0.0003962,0.0003962,0.0003962
245,3275.78,0.67718,0.51241,1.02873,0.95178,0.34722,0.36827,0.28595,1.03207,0.73702,1.2593,0.0003896,0.0003896,0.0003896
246,3329.73,0.67446,0.52766,1.02681,0.93795,0.33333,0.3506,0.27617,1.07872,0.74328,1.32753,0.000383,0.000383,0.000383
247,3384.49,0.66725,0.51472,1.01125,0.94932,0.34722,0.35729,0.27584,1.10962,0.7338,1.3791,0.0003764,0.0003764,0.0003764
248,3437,0.66092,0.51327,1.01252,0.90216,0.34722,0.37005,0.28594,1.03465,0.73345,1.26895,0.0003698,0.0003698,0.0003698
249,3490.71,0.65861,0.50374,1.01619,0.90677,0.35417,0.3612,0.27744,1.041,0.7793,1.27755,0.0003632,0.0003632,0.0003632
250,3544.12,0.65772,0.50948,1.02378,0.8884,0.34722,0.35804,0.27483,1.02952,0.78619,1.27658,0.0003566,0.0003566,0.0003566
251,3597.02,0.67161,0.52223,1.02412,0.93446,0.34028,0.3556,0.27468,1.0482,0.80186,1.28907,0.00035,0.00035,0.00035
252,3650.27,0.65476,0.49864,1.01927,0.93893,0.34028,0.35829,0.27073,1.06323,0.79511,1.32873,0.0003434,0.0003434,0.0003434
253,3702.93,0.65756,0.51247,1.01779,0.87394,0.34028,0.35268,0.26967,1.13371,0.79827,1.3778,0.0003368,0.0003368,0.0003368
254,3755.63,0.6522,0.49593,1.01244,0.92822,0.33333,0.35148,0.2669,1.08105,0.79014,1.35082,0.0003302,0.0003302,0.0003302
255,3808.94,0.65639,0.50911,1.01239,0.93732,0.34028,0.35916,0.26497,1.14191,0.80177,1.41625,0.0003236,0.0003236,0.0003236
256,3862.29,0.64407,0.49663,1.00715,0.96073,0.33983,0.35813,0.26201,1.11582,0.76462,1.39802,0.000317,0.000317,0.000317
257,3915.13,0.63499,0.48129,0.99565,0.94333,0.3468,0.35186,0.2689,1.0904,0.74504,1.37684,0.0003104,0.0003104,0.0003104
258,3968.08,0.64332,0.49883,1.01366,0.92417,0.33858,0.35518,0.27463,1.10017,0.7621,1.3875,0.0003038,0.0003038,0.0003038
259,4021.77,0.62967,0.47072,0.99766,0.91795,0.34028,0.35733,0.27141,1.13036,0.74542,1.44643,0.0002972,0.0002972,0.0002972
260,4074.7,0.65645,0.49925,1.01389,0.92449,0.3401,0.35928,0.27291,1.09579,0.75528,1.39362,0.0002906,0.0002906,0.0002906
261,4128.29,0.64707,0.49694,1.0072,0.94863,0.32639,0.34552,0.26911,1.08803,0.75896,1.38611,0.000284,0.000284,0.000284
262,4182.14,0.64821,0.49099,1.01152,0.92441,0.33973,0.35374,0.26993,1.0895,0.75474,1.36701,0.0002774,0.0002774,0.0002774
263,4234.74,0.64977,0.48239,1.00413,0.91499,0.33333,0.35414,0.27111,1.10233,0.74131,1.38026,0.0002708,0.0002708,0.0002708
264,4287.89,0.63406,0.48246,1.00216,0.92134,0.33333,0.34619,0.26553,1.11022,0.73622,1.39295,0.0002642,0.0002642,0.0002642
265,4341.47,0.63764,0.47824,1.00289,0.91685,0.34028,0.35287,0.26736,1.13419,0.72072,1.41958,0.0002576,0.0002576,0.0002576
266,4396.65,0.63705,0.49648,1.00869,0.91894,0.34028,0.34927,0.27028,1.10134,0.71632,1.36288,0.000251,0.000251,0.000251
267,4451.24,0.63625,0.49463,0.9983,0.92774,0.34722,0.35385,0.27142,1.11987,0.71157,1.38052,0.0002444,0.0002444,0.0002444
268,4504.89,0.62408,0.48405,1.00512,0.88864,0.35417,0.35762,0.28043,1.09827,0.73256,1.37493,0.0002378,0.0002378,0.0002378
269,4558.71,0.62831,0.47706,1.00104,0.94381,0.34997,0.36145,0.27374,1.12827,0.73235,1.37717,0.0002312,0.0002312,0.0002312
270,4611.65,0.63136,0.48185,1.01035,0.92636,0.34944,0.36295,0.27577,1.14025,0.76009,1.38178,0.0002246,0.0002246,0.0002246
271,4664.6,0.62018,0.46958,0.99394,0.92265,0.34722,0.35538,0.27227,1.13627,0.74893,1.38956,0.000218,0.000218,0.000218
272,4717.77,0.63573,0.47575,1.00431,0.94038,0.34722,0.36244,0.2755,1.06243,0.7451,1.33017,0.0002114,0.0002114,0.0002114
273,4771.39,0.61324,0.46948,0.9961,0.95212,0.34028,0.35754,0.27269,1.07611,0.75758,1.34874,0.0002048,0.0002048,0.0002048
274,4824.19,0.62185,0.45835,0.9959,0.90705,0.33887,0.351,0.27701,1.06381,0.74671,1.33901,0.0001982,0.0001982,0.0001982
275,4878.32,0.60883,0.46168,0.99016,0.93023,0.34028,0.3549,0.27484,1.08365,0.73729,1.35746,0.0001916,0.0001916,0.0001916
276,4932.25,0.60613,0.45197,0.9897,0.91982,0.33333,0.34379,0.27166,1.08899,0.76659,1.34687,0.000185,0.000185,0.000185
277,4985.01,0.6192,0.45857,0.99915,0.92012,0.33333,0.34244,0.26951,1.07629,0.75958,1.33803,0.0001784,0.0001784,0.0001784
278,5038.23,0.64189,0.47523,1.0111,0.91867,0.32639,0.34455,0.26918,1.07345,0.77585,1.34764,0.0001718,0.0001718,0.0001718
279,5097.65,0.60759,0.45238,0.99832,0.9229,0.33253,0.34217,0.26911,1.09123,0.77896,1.38024,0.0001652,0.0001652,0.0001652
280,5150.58,0.61346,0.47437,0.99457,0.91956,0.33333,0.34724,0.27272,1.09565,0.77597,1.34451,0.0001586,0.0001586,0.0001586
281,5204.32,0.61623,0.45802,0.99502,0.91985,0.33333,0.35349,0.27428,1.0735,0.74889,1.32691,0.000152,0.000152,0.000152
282,5257.11,0.61879,0.47468,0.99597,0.90109,0.34028,0.35858,0.27371,1.08748,0.78106,1.33268,0.0001454,0.0001454,0.0001454
283,5316.49,0.63028,0.47286,0.99702,0.87671,0.33333,0.34797,0.2744,1.07551,0.75698,1.33622,0.0001388,0.0001388,0.0001388
284,5374.11,0.60565,0.46207,0.99733,0.8835,0.33333,0.3569,0.27919,1.0535,0.74529,1.32878,0.0001322,0.0001322,0.0001322
285,5427.61,0.59961,0.45745,0.98928,0.90408,0.33333,0.34984,0.27926,1.06679,0.75609,1.33006,0.0001256,0.0001256,0.0001256
286,5481.4,0.60227,0.4605,0.97236,0.91923,0.33333,0.35512,0.27892,1.08006,0.75816,1.34289,0.000119,0.000119,0.000119
287,5534.87,0.6194,0.45734,0.99426,0.90955,0.34028,0.35697,0.27875,1.0611,0.75656,1.32351,0.0001124,0.0001124,0.0001124
288,5588.5,0.60331,0.46441,0.99411,0.92438,0.33956,0.35503,0.28132,1.05412,0.75312,1.32073,0.0001058,0.0001058,0.0001058
289,5642.69,0.61437,0.45505,0.9972,0.88957,0.34028,0.35143,0.27707,1.03626,0.75098,1.30796,9.92e-05,9.92e-05,9.92e-05
290,5695.66,0.59905,0.45306,0.98821,0.91817,0.34028,0.3523,0.2802,1.03193,0.72571,1.31217,9.26e-05,9.26e-05,9.26e-05
291,5752.17,0.57218,0.41941,0.86688,0.8563,0.35417,0.36159,0.27688,1.02521,0.73478,1.3037,8.6e-05,8.6e-05,8.6e-05
292,5805.26,0.54873,0.40902,0.86525,0.80252,0.35417,0.3623,0.28379,1.01595,0.73975,1.30474,7.94e-05,7.94e-05,7.94e-05
293,5858.59,0.54825,0.40249,0.86687,0.83216,0.34433,0.36305,0.2852,1.00689,0.7231,1.31457,7.28e-05,7.28e-05,7.28e-05
294,5911.72,0.53182,0.38831,0.85522,0.80576,0.34028,0.35127,0.28588,0.99334,0.72396,1.2856,6.62e-05,6.62e-05,6.62e-05
